model,auc_mean,auc_std,auprc_mean,auprc_std,brier_mean,brier_std
gcn,0.943,0.004949747468305784,0.9456,0.004505552130427517,0.058399999999999994,0.004277849927241487
mlp,0.9262,0.003492849839314604,0.9280000000000002,0.0033911649915626405,0.076,0.0038078865529319575
