k,metric,auc_mean,auc_std,auprc_mean,auprc_std,brier_mean,brier_std
5,cosine,0.932,0.004743416490252591,0.9342,0.004658325879540815,0.071,0.0041833001326703765
5,euclidean,0.9259999999999999,0.004743416490252591,0.9282,0.004658325879540856,0.078,0.004183300132670382
10,cosine,0.944,0.004743416490252554,0.9471999999999999,0.004658325879540856,0.057999999999999996,0.004183300132670376
10,euclidean,0.9339999999999999,0.004743416490252554,0.9362,0.004658325879540784,0.06999999999999999,0.0041833001326703765
15,cosine,0.9410000000000001,0.004743416490252518,0.9431999999999998,0.004658325879540856,0.061,0.004183300132670377
15,euclidean,0.931,0.004743416490252554,0.9332,0.0046583258795408035,0.073,0.004183300132670378
20,cosine,0.9359999999999999,0.004743416490252518,0.9381999999999999,0.004658325879540778,0.066,0.004183300132670378
20,euclidean,0.924,0.004743416490252591,0.9262,0.004658325879540856,0.081,0.004183300132670378
